Aadhaar,Month,Gender,Age,Height,Weight,BodyFat,MidArm,BMI,BMR,Month Log
1234567100,1-2022,Gender.Male,27.0,154.0,49.0,24.0,0.0,21.0,1323,Month 1
1234567100,2-2022,Gender.Male,27.0,154.0,49.0,24.0,0.0,21.0,1323,Month 2
1234567101,1-2022,Gender.Female,27.0,151.0,45.0,29.0,0.0,20.0,1098,Month 1
1234567101,2-2022,Gender.Female,27.0,151.0,47.0,30.0,0.0,21.0,1118,Month 2
1234567102,1-2022,Gender.Male,50.0,160.0,70.0,32.0,0.0,27.0,1455,Month 1
1234567102,2-2022,Gender.Male,50.0,160.0,70.0,30.0,0.0,27.0,1455,Month 2
1234567103,1-2022,Gender.Female,45.0,155.0,59.0,33.0,0.0,25.0,1173,Month 1
1234567103,2-2022,Gender.Female,45.0,155.0,59.0,33.0,0.0,25.0,1173,Month 2
1234567104,1-2022,Gender.Female,20.0,145.0,43.0,21.0,0.0,20.0,1075,Month 1
1234567104,2-2022,Gender.Female,20.0,145.0,43.0,21.0,0.0,20.0,1075,Month 2
1234567105,1-2022,Gender.Female,19.0,140.0,39.0,20.0,0.0,20.0,1009,Month 1
1234567105,2-2022,Gender.Female,19.0,140.0,39.0,20.0,0.0,20.0,1009,Month 2
1234567106,1-2022,Gender.Female,65.0,180.0,78.0,34.0,0.0,24.0,1419,Month 1
1234567106,2-2022,Gender.Female,65.0,180.0,78.0,34.0,0.0,24.0,1419,Month 2
1234567107,1-2022,Gender.Male,20.0,153.0,51.0,29.0,0.0,22.0,1371,Month 1
1234567107,2-2022,Gender.Male,20.0,153.0,51.0,29.0,0.0,22.0,1371,Month 2
1234567108,1-2022,Gender.Male,27.0,163.0,54.0,32.0,0.0,20.0,1429,Month 1
1234567108,2-2022,Gender.Male,27.0,163.0,54.0,32.0,0.0,20.0,1429,Month 2
1234567109,1-2022,Gender.Male,44.0,162.0,49.0,23.0,0.0,19.0,1288,Month 1
1234567109,2-2022,Gender.Male,44.0,162.0,54.0,23.0,0.0,19.0,1338,Month 2
1234567110,1-2022,Gender.Female,36.0,154.0,61.0,30.0,0.0,26.0,1232,Month 1
1234567110,2-2022,Gender.Female,36.0,154.0,61.0,30.0,0.0,26.0,1232,Month 2
1234567111,1-2022,Gender.Female,15.0,110.0,36.0,19.0,0.0,30.0,812,Month 1
1234567111,2-2022,Gender.Female,15.0,110.0,36.0,19.0,0.0,30.0,812,Month 2
1234567112,1-2022,Gender.Female,13.0,105.0,30.0,20.0,0.0,27.0,730,Month 1
1234567112,2-2022,Gender.Female,13.0,105.0,30.0,20.0,0.0,27.0,730,Month 2
1234567113,1-2022,Gender.Female,9.0,95.0,20.0,16.0,0.0,22.0,588,Month 1
1234567113,2-2022,Gender.Female,9.0,95.0,20.0,16.0,0.0,22.0,588,Month 2
1234567114,1-2022,Gender.Male,36.0,158.0,70.0,31.0,0.0,28.0,1513,Month 1
1234567114,2-2022,Gender.Male,36.0,158.0,70.0,31.0,0.0,28.0,1513,Month 2
1234567115,1-2022,Gender.Female,31.0,150.0,60.0,29.0,0.0,27.0,1222,Month 1
1234567115,2-2022,Gender.Female,31.0,150.0,60.0,29.0,0.0,27.0,1222,Month 2
1234567116,1-2022,Gender.Female,80.0,156.0,43.0,22.0,0.0,18.0,844,Month 1
1234567116,2-2022,Gender.Female,80.0,156.0,43.0,22.0,0.0,18.0,844,Month 2
1234567117,1-2022,Gender.Male,80.0,180.0,80.0,35.0,0.0,25.0,1530,Month 1
1234567117,2-2022,Gender.Male,80.0,180.0,80.0,35.0,0.0,25.0,1530,Month 2
1234567118,1-2022,Gender.Female,83.0,155.0,36.0,19.0,0.0,15.0,753,Month 1
1234567118,2-2022,Gender.Female,83.0,155.0,37.0,19.0,0.0,15.0,763,Month 2
1234567119,1-2022,Gender.Female,24.0,153.0,55.0,30.0,0.0,23.0,1225,Month 1
1234567119,2-2022,Gender.Female,24.0,153.0,55.0,34.0,0.0,23.0,1225,Month 2
1234567120,1-2022,Gender.Male,25.0,155.0,59.0,37.0,0.0,25.0,1439,Month 1
1234567120,2-2022,Gender.Male,25.0,155.0,59.0,37.0,0.0,25.0,1439,Month 2
1234567121,1-2022,Gender.Female,2.0,18.0,12.0,0.0,14.0,0.0,62,Month 1
1234567121,2-2022,Gender.Female,2.0,18.0,13.0,0.0,14.0,0.0,72,Month 2
1234567122,1-2022,Gender.Female,20.0,155.0,58.0,30.0,0.0,24.0,1288,Month 1
1234567122,2-2022,Gender.Female,20.0,155.0,60.0,30.0,0.0,25.0,1308,Month 2
1234567123,1-2022,Gender.Female,26.0,155.0,62.0,38.0,0.0,26.0,1298,Month 1
1234567123,2-2022,Gender.Female,26.0,155.0,62.0,38.0,0.0,26.0,1298,Month 2
1234567124,1-2022,Gender.Male,30.0,162.0,68.0,30.0,0.0,26.0,1548,Month 1
1234567124,2-2022,Gender.Male,30.0,162.0,68.0,30.0,0.0,26.0,1548,Month 2
1234567126,1-2022,Gender.Male,4.0,35.0,18.0,0.0,20.0,0.0,384,Month 1
1234567126,2-2022,Gender.Male,4.0,35.0,18.0,0.0,20.0,0.0,384,Month 2
1234567127,1-2022,Gender.Male,26.0,151.0,49.0,20.0,0.0,21.0,1309,Month 1
1234567127,2-2022,Gender.Male,26.0,151.0,49.0,20.0,0.0,21.0,1309,Month 2
1234567128,1-2022,Gender.Male,29.0,158.0,61.0,29.0,0.0,24.0,1458,Month 1
1234567128,2-2022,Gender.Male,29.0,158.0,61.0,29.0,0.0,24.0,1458,Month 2
1234567129,1-2022,Gender.Male,1.0,0.0,9.0,0.0,0.0,0.0,90,Month 1
1234567129,2-2022,Gender.Male,1.0,0.0,9.0,0.0,0.0,0.0,90,Month 2
1234567130,1-2022,Gender.Female,25.0,154.0,49.0,22.0,0.0,21.0,1167,Month 1
1234567130,2-2022,Gender.Female,25.0,154.0,49.0,22.0,0.0,21.0,1167,Month 2
1234567131,1-2022,Gender.Male,27.0,160.0,59.0,30.0,0.0,23.0,1460,Month 1
1234567131,2-2022,Gender.Male,27.0,160.0,59.0,30.0,0.0,23.0,1460,Month 2
1234567132,1-2022,Gender.Female,1.0,0.0,8.0,0.0,0.0,0.0,86,Month 1
1234567132,2-2022,Gender.Female,1.0,0.0,9.0,0.0,0.0,0.0,76,Month 2
1234567133,1-2022,Gender.Male,73.0,165.0,59.0,21.0,0.0,22.0,1261,Month 1
1234567133,2-2022,Gender.Male,73.0,165.0,59.0,21.0,0.0,22.0,1261,Month 2
1234567134,1-2022,Gender.Female,70.0,150.0,47.0,20.0,0.0,21.0,897,Month 1
1234567134,2-2022,Gender.Female,70.0,150.0,47.0,20.0,0.0,21.0,897,Month 2
1234567135,1-2022,Gender.Male,26.0,145.0,44.0,21.0,0.0,21.0,1221,Month 1
1234567135,2-2022,Gender.Male,26.0,145.0,46.0,23.0,0.0,22.0,1241,Month 2
1234567136,1-2022,Gender.Female,23.0,140.0,39.0,19.0,0.0,20.0,989,Month 1
1234567136,2-2022,Gender.Female,23.0,140.0,39.0,19.0,0.0,20.0,989,Month 2
1234567137,1-2022,Gender.Male,24.0,158.0,57.0,29.0,0.0,23.0,1443,Month 1
1234567137,2-2022,Gender.Male,24.0,158.0,57.0,29.0,0.0,23.0,1443,Month 2
1234567138,1-2022,Gender.Female,21.0,149.0,45.0,21.0,0.0,20.0,1115,Month 1
1234567138,2-2022,Gender.Female,21.0,149.0,45.0,21.0,0.0,20.0,1115,Month 2
1234567139,1-2022,Gender.Male,50.0,159.0,70.0,30.0,0.0,28.0,1449,Month 1
1234567139,2-2022,Gender.Male,50.0,159.0,70.0,30.0,0.0,28.0,1449,Month 2
1234567140,1-2022,Gender.Male,21.0,147.0,41.0,19.0,0.0,19.0,1229,Month 1
1234567140,2-2022,Gender.Male,21.0,147.0,41.0,19.0,0.0,19.0,1229,Month 2
1234567141,1-2022,Gender.Male,32.0,153.0,60.0,29.0,0.0,26.0,1401,Month 1
1234567141,2-2022,Gender.Male,32.0,153.0,60.0,29.0,0.0,26.0,1401,Month 2
1234567142,1-2022,Gender.Female,30.0,149.0,45.0,18.0,0.0,20.0,1070,Month 1
1234567142,2-2022,Gender.Female,30.0,149.0,45.0,18.0,0.0,20.0,1070,Month 2
1234567143,1-2022,Gender.Female,12.0,110.0,31.0,0.0,19.0,26.0,777,Month 1
1234567143,2-2022,Gender.Female,12.0,110.0,31.0,0.0,19.0,26.0,777,Month 2
1234567144,1-2022,Gender.Male,8.0,110.0,22.0,0.0,15.0,18.0,873,Month 1
1234567144,2-2022,Gender.Male,8.0,110.0,22.0,0.0,15.0,18.0,873,Month 2
1234567145,1-2022,Gender.Female,60.0,166.0,73.0,33.0,0.0,26.0,1307,Month 1
1234567145,2-2022,Gender.Female,60.0,166.0,73.0,33.0,0.0,26.0,1307,Month 2
1234567146,1-2022,Gender.Male,71.0,169.0,65.0,24.0,0.0,23.0,1356,Month 1
1234567146,2-2022,Gender.Male,71.0,169.0,65.0,24.0,0.0,23.0,1356,Month 2
1234567147,1-2022,Gender.Female,55.0,157.0,47.0,19.0,0.0,19.0,1015,Month 1
1234567147,2-2022,Gender.Female,55.0,157.0,47.0,19.0,0.0,19.0,1015,Month 2
1234567148,1-2022,Gender.Female,35.0,155.0,60.0,31.0,0.0,25.0,1233,Month 1
1234567148,2-2022,Gender.Female,35.0,155.0,60.0,31.0,0.0,25.0,1233,Month 2
1234567149,1-2022,Gender.Male,41.0,161.0,83.0,33.0,0.0,32.0,1636,Month 1
1234567149,2-2022,Gender.Male,41.0,161.0,83.0,33.0,0.0,32.0,1636,Month 2
1234567150,1-2022,Gender.Female,19.0,146.0,41.0,19.0,0.0,19.0,1067,Month 1
1234567150,2-2022,Gender.Female,19.0,146.0,41.0,19.0,0.0,19.0,1067,Month 2
1234567151,1-2022,Gender.Male,14.0,140.0,37.0,0.0,19.0,19.0,1180,Month 1
1234567151,2-2022,Gender.Male,14.0,140.0,37.0,0.0,19.0,19.0,1180,Month 2
1234567152,1-2022,Gender.Male,38.0,159.0,75.0,30.0,0.0,30.0,1559,Month 1
1234567152,2-2022,Gender.Male,38.0,159.0,75.0,30.0,0.0,30.0,1559,Month 2
1234567153,1-2022,Gender.Female,35.0,154.0,62.0,29.0,0.0,26.0,1247,Month 1
1234567153,2-2022,Gender.Female,35.0,154.0,62.0,29.0,0.0,26.0,1247,Month 2
1234567154,1-2022,Gender.Female,3.0,0.0,13.0,0.0,0.0,0.0,46,Month 1
1234567154,2-2022,Gender.Female,3.0,0.0,13.0,0.0,0.0,0.0,46,Month 2
1234567155,1-2022,Gender.Male,33.0,161.0,71.0,29.0,0.0,27.0,1556,Month 1
1234567155,2-2022,Gender.Male,33.0,161.0,71.0,29.0,0.0,27.0,1556,Month 2
1234567156,1-2022,Gender.Female,32.0,150.0,56.0,28.0,0.0,25.0,1177,Month 1
1234567156,2-2022,Gender.Female,32.0,150.0,56.0,28.0,0.0,25.0,1177,Month 2
1234567157,1-2022,Gender.Male,12.0,122.0,27.0,0.0,20.0,18.0,978,Month 1
1234567157,2-2022,Gender.Male,12.0,122.0,27.0,0.0,20.0,18.0,978,Month 2
1234567158,1-2022,Gender.Female,10.0,110.0,22.0,0.0,18.0,18.0,697,Month 1
1234567158,2-2022,Gender.Female,10.0,110.0,22.0,0.0,18.0,18.0,697,Month 2
1234567159,1-2022,Gender.Female,31.0,155.0,63.0,31.0,0.0,26.0,1283,Month 1
1234567159,2-2022,Gender.Female,31.0,155.0,63.0,31.0,0.0,26.0,1283,Month 2
1234567160,1-2022,Gender.Male,32.0,160.0,74.0,33.0,0.0,29.0,1585,Month 1
1234567160,2-2022,Gender.Male,32.0,160.0,74.0,33.0,0.0,29.0,1585,Month 2
1234567161,1-2022,Gender.Male,11.0,125.0,29.0,0.0,20.0,19.0,1021,Month 1
1234567161,2-2022,Gender.Male,11.0,125.0,29.0,0.0,20.0,19.0,1021,Month 2
1234567162,1-2022,Gender.Female,2.0,0.0,10.0,0.0,0.0,0.0,71,Month 1
1234567162,2-2022,Gender.Female,2.0,0.0,10.0,0.0,0.0,0.0,71,Month 2
1234567163,1-2022,Gender.Female,21.0,148.0,42.0,19.0,0.0,19.0,1079,Month 1
1234567163,2-2022,Gender.Female,21.0,148.0,42.0,19.0,0.0,19.0,1079,Month 2
1234567164,1-2022,Gender.Male,26.0,160.0,54.0,26.0,0.0,21.0,1415,Month 1
1234567164,2-2022,Gender.Male,26.0,160.0,54.0,26.0,0.0,21.0,1415,Month 2
1234567165,1-2022,Gender.Female,1.0,0.0,9.0,0.0,0.0,0.0,76,Month 1
1234567165,2-2022,Gender.Female,1.0,0.0,9.0,0.0,0.0,0.0,76,Month 2
1234567166,1-2022,Gender.Female,21.0,145.0,39.0,0.0,23.0,19.0,1030,Month 1
1234567166,2-2022,Gender.Female,21.0,145.0,39.0,0.0,23.0,19.0,1030,Month 2
1234567167,1-2022,Gender.Male,25.0,149.0,58.0,24.0,0.0,26.0,1391,Month 1
1234567167,2-2022,Gender.Male,25.0,149.0,58.0,24.0,0.0,26.0,1391,Month 2
1234567168,1-2022,Gender.Female,2.0,0.0,10.0,0.0,0.0,0.0,71,Month 1
1234567168,2-2022,Gender.Female,2.0,0.0,10.0,0.0,0.0,0.0,71,Month 2
1234567169,1-2022,Gender.Male,36.0,171.0,83.0,31.0,0.0,28.0,1724,Month 1
1234567169,2-2022,Gender.Male,36.0,171.0,83.0,31.0,0.0,28.0,1724,Month 2
1234567170,1-2022,Gender.Female,31.0,150.0,63.0,26.0,0.0,28.0,1252,Month 1
1234567170,2-2022,Gender.Female,31.0,150.0,63.0,26.0,0.0,28.0,1252,Month 2
1234567171,1-2022,Gender.Male,7.0,115.0,21.0,0.0,18.0,16.0,899,Month 1
1234567171,2-2022,Gender.Male,7.0,115.0,21.0,0.0,18.0,16.0,899,Month 2
1234567172,1-2022,Gender.Female,7.0,115.0,20.0,0.0,18.0,15.0,723,Month 1
1234567172,2-2022,Gender.Female,7.0,115.0,20.0,0.0,18.0,15.0,723,Month 2
1234567173,1-2022,Gender.Male,21.0,146.0,21.0,20.0,0.0,10.0,1023,Month 1
1234567173,2-2022,Gender.Male,21.0,146.0,21.0,20.0,0.0,10.0,1023,Month 2
1234567174,1-2022,Gender.Male,18.0,145.0,42.0,19.0,0.0,20.0,1241,Month 1
1234567174,2-2022,Gender.Male,18.0,145.0,42.0,19.0,0.0,20.0,1241,Month 2
1234567175,1-2022,Gender.Male,30.0,150.0,68.0,30.0,0.0,30.0,1473,Month 1
1234567175,2-2022,Gender.Male,30.0,150.0,68.0,30.0,0.0,30.0,1473,Month 2
1234567176,1-2022,Gender.Female,28.0,148.0,50.0,31.0,0.0,23.0,1124,Month 1
1234567176,2-2022,Gender.Female,28.0,148.0,52.0,31.0,0.0,23.0,1144,Month 2
1234567177,1-2022,Gender.Male,40.0,178.0,56.0,21.0,0.0,18.0,1478,Month 1
1234567177,2-2022,Gender.Male,40.0,178.0,56.0,21.0,0.0,18.0,1478,Month 2
1234567178,1-2022,Gender.Male,7.0,110.0,24.0,13.0,0.0,20.0,898,Month 1
1234567178,2-2022,Gender.Male,7.0,110.0,24.0,13.0,0.0,20.0,898,Month 2
1234567179,1-2022,Gender.Male,70.0,165.0,61.0,30.0,0.0,22.0,1296,Month 1
1234567179,2-2022,Gender.Male,70.0,165.0,61.0,30.0,0.0,22.0,1296,Month 2
1234567180,1-2022,Gender.Female,65.0,158.0,59.0,31.0,0.0,24.0,1092,Month 1
1234567180,2-2022,Gender.Female,65.0,158.0,59.0,31.0,0.0,24.0,1092,Month 2
1234567181,1-2022,Gender.Male,27.0,151.0,71.0,32.0,0.0,31.0,1524,Month 1
1234567181,2-2022,Gender.Male,27.0,151.0,71.0,32.0,0.0,31.0,1524,Month 2
1234567182,1-2022,Gender.Male,15.0,148.0,49.0,30.0,0.0,22.0,1345,Month 1
1234567182,2-2022,Gender.Male,15.0,148.0,49.0,30.0,0.0,22.0,1345,Month 2
1234567183,1-2022,Gender.Female,75.0,155.0,49.0,21.0,0.0,20.0,923,Month 1
1234567183,2-2022,Gender.Female,75.0,155.0,49.0,21.0,0.0,20.0,923,Month 2
1234567184,1-2022,Gender.Female,26.0,142.0,51.0,19.0,0.0,25.0,1107,Month 1
1234567184,2-2022,Gender.Female,26.0,142.0,51.0,19.0,0.0,25.0,1107,Month 2
1234567185,1-2022,Gender.Male,4.0,30.0,9.0,0.0,12.0,0.0,263,Month 1
1234567185,2-2022,Gender.Male,4.0,30.0,9.0,0.0,12.0,0.0,263,Month 2
1234567186,1-2022,Gender.Female,8.0,80.0,20.0,0.0,11.0,31.0,499,Month 1
1234567186,2-2022,Gender.Female,8.0,80.0,21.0,0.0,11.0,31.0,509,Month 2
1234567187,1-2022,Gender.Male,45.0,162.0,77.0,27.0,0.0,29.0,1563,Month 1
1234567187,2-2022,Gender.Male,45.0,162.0,77.0,27.0,0.0,29.0,1563,Month 2
1234567188,1-2022,Gender.Female,40.0,159.0,51.0,27.0,0.0,20.0,1143,Month 1
1234567188,2-2022,Gender.Female,40.0,159.0,52.0,27.0,0.0,21.0,1153,Month 2
1234567189,1-2022,Gender.Male,19.0,145.0,39.0,22.0,0.0,19.0,1206,Month 1
1234567189,2-2022,Gender.Male,19.0,145.0,39.0,11.0,0.0,19.0,1206,Month 2
1234567190,1-2022,Gender.Male,15.0,148.0,46.0,29.0,0.0,21.0,1315,Month 1
1234567190,2-2022,Gender.Male,15.0,148.0,46.0,29.0,0.0,21.0,1315,Month 2
1234567191,1-2022,Gender.Female,50.0,165.0,65.0,30.0,0.0,24.0,1270,Month 1
1234567191,2-2022,Gender.Female,50.0,165.0,65.0,30.0,0.0,24.0,1270,Month 2
1234567192,1-2022,Gender.Female,47.0,150.0,51.0,32.0,0.0,23.0,1052,Month 1
1234567192,2-2022,Gender.Female,47.0,150.0,51.0,33.0,0.0,23.0,1052,Month 2
1234567193,1-2022,Gender.Male,27.0,155.0,58.0,29.0,0.0,24.0,1419,Month 1
1234567193,2-2022,Gender.Male,27.0,155.0,59.0,29.0,0.0,25.0,1429,Month 2
1234567194,1-2022,Gender.Male,35.0,158.0,60.0,34.0,0.0,24.0,1418,Month 1
1234567194,2-2022,Gender.Male,35.0,158.0,60.0,34.0,0.0,24.0,1418,Month 2
1234567195,1-2022,Gender.Male,34.0,162.0,56.0,22.0,0.0,21.0,1408,Month 1
1234567195,2-2022,Gender.Male,34.0,162.0,56.0,22.0,0.0,21.0,1408,Month 2
1234567196,1-2022,Gender.Female,60.0,154.0,50.0,29.0,0.0,21.0,1002,Month 1
1234567196,2-2022,Gender.Female,60.0,154.0,50.0,30.0,0.0,21.0,1002,Month 2
1234567197,1-2022,Gender.Female,30.0,152.0,55.0,36.0,0.0,24.0,1189,Month 1
1234567197,2-2022,Gender.Female,30.0,152.0,55.0,36.0,0.0,24.0,1189,Month 2
1234567198,1-2022,Gender.Female,1.0,0.0,9.0,0.0,0.0,0.0,76,Month 1
1234567198,2-2022,Gender.Female,1.0,0.0,9.0,0.0,0.0,0.0,76,Month 2
1234567199,1-2022,Gender.Male,1.0,0.0,6.0,0.0,0.0,0.0,60,Month 1
1234567199,2-2022,Gender.Male,1.0,0.0,6.0,0.0,0.0,0.0,60,Month 2
1234567200,1-2022,Gender.Female,23.0,155.0,45.0,21.0,0.0,19.0,1143,Month 1
1234567200,2-2022,Gender.Female,23.0,155.0,45.0,21.0,0.0,19.0,1143,Month 2
1234567201,1-2022,Gender.Male,35.0,145.0,61.0,21.0,0.0,29.0,1346,Month 1
1234567201,2-2022,Gender.Male,35.0,145.0,61.0,21.0,0.0,29.0,1346,Month 2
1234567202,1-2022,Gender.Female,21.0,149.0,41.0,20.0,0.0,18.0,1075,Month 1
1234567202,2-2022,Gender.Female,21.0,149.0,41.0,20.0,0.0,18.0,1075,Month 2
1234567203,1-2022,Gender.Male,26.0,155.0,55.0,30.0,0.0,23.0,1394,Month 1
1234567203,2-2022,Gender.Male,26.0,155.0,54.0,30.0,0.0,22.0,1384,Month 2
1234567204,1-2022,Gender.Male,28.0,165.0,75.0,35.0,0.0,28.0,1646,Month 1
1234567204,2-2022,Gender.Male,28.0,165.0,75.0,35.0,0.0,28.0,1646,Month 2
1234567205,1-2022,Gender.Female,23.0,155.0,57.0,28.0,0.0,24.0,1263,Month 1
1234567205,2-2022,Gender.Female,23.0,155.0,57.0,28.0,0.0,24.0,1263,Month 2
1234567206,1-2022,Gender.Male,26.0,154.0,65.0,32.0,0.0,27.0,1488,Month 1
1234567206,2-2022,Gender.Male,26.0,154.0,65.0,32.0,0.0,27.0,1488,Month 2
1234567207,1-2022,Gender.Male,48.0,163.0,73.0,29.0,0.0,27.0,1514,Month 1
1234567207,2-2022,Gender.Male,48.0,163.0,73.0,29.0,0.0,27.0,1514,Month 2
1234567208,1-2022,Gender.Female,40.0,147.0,51.0,21.0,0.0,24.0,1068,Month 1
1234567208,2-2022,Gender.Female,40.0,147.0,51.0,21.0,0.0,24.0,1068,Month 2
1234567209,1-2022,Gender.Female,18.0,145.0,41.0,17.0,0.0,20.0,1065,Month 1
1234567209,2-2022,Gender.Female,18.0,145.0,41.0,17.0,0.0,20.0,1065,Month 2
1234567210,1-2022,Gender.Female,16.0,142.0,42.0,19.0,0.0,21.0,1067,Month 1
1234567210,2-2022,Gender.Female,16.0,142.0,42.0,19.0,0.0,21.0,1067,Month 2
1234567211,1-2022,Gender.Female,78.0,160.0,67.0,35.0,0.0,26.0,1119,Month 1
1234567211,2-2022,Gender.Female,78.0,160.0,67.0,35.0,0.0,26.0,1119,Month 2
1234567212,1-2022,Gender.Female,30.0,155.0,62.0,30.0,0.0,26.0,1278,Month 1
1234567212,2-2022,Gender.Female,30.0,155.0,62.0,30.0,0.0,26.0,1278,Month 2
1234567213,1-2022,Gender.Female,38.0,163.0,69.0,23.0,0.0,26.0,1358,Month 1
1234567213,2-2022,Gender.Female,38.0,163.0,69.0,23.0,0.0,26.0,1358,Month 2
1234567214,1-2022,Gender.Male,49.0,177.0,71.0,29.0,0.0,23.0,1576,Month 1
1234567214,2-2022,Gender.Male,49.0,177.0,71.0,29.0,0.0,23.0,1576,Month 2
1234567215,1-2022,Gender.Male,25.0,167.0,66.0,29.0,0.0,24.0,1584,Month 1
1234567215,2-2022,Gender.Male,25.0,167.0,66.0,29.0,0.0,24.0,1584,Month 2
1234567216,1-2022,Gender.Male,35.0,165.0,72.0,33.0,0.0,26.0,1581,Month 1
1234567216,2-2022,Gender.Male,35.0,165.0,72.0,33.0,0.0,26.0,1581,Month 2
1234567217,1-2022,Gender.Female,31.0,160.0,63.0,26.0,0.0,25.0,1314,Month 1
1234567217,2-2022,Gender.Female,31.0,160.0,63.0,26.0,0.0,25.0,1314,Month 2
1234567218,1-2022,Gender.Male,56.0,162.0,60.0,20.0,0.0,23.0,1338,Month 1
1234567218,2-2022,Gender.Male,56.0,162.0,60.0,20.0,0.0,23.0,1338,Month 2
1234567219,1-2022,Gender.Female,45.0,150.0,50.0,22.0,0.0,22.0,1052,Month 1
1234567219,2-2022,Gender.Female,45.0,150.0,51.0,22.0,0.0,23.0,1062,Month 2
1234567220,1-2022,Gender.Male,56.0,162.0,72.0,27.0,0.0,27.0,1458,Month 1
1234567220,2-2022,Gender.Male,56.0,162.0,72.0,27.0,0.0,27.0,1458,Month 2
1234567221,1-2022,Gender.Female,45.0,150.0,50.0,21.0,0.0,22.0,1052,Month 1
1234567221,2-2022,Gender.Female,45.0,150.0,50.0,21.0,0.0,22.0,1052,Month 2
1234567222,1-2022,Gender.Female,80.0,145.0,46.0,18.0,0.0,22.0,805,Month 1
1234567222,2-2022,Gender.Female,80.0,145.0,46.0,18.0,0.0,22.0,805,Month 2
1234567223,1-2022,Gender.Male,36.0,155.0,58.0,27.0,0.0,24.0,1374,Month 1
1234567223,2-2022,Gender.Male,36.0,155.0,58.0,27.0,0.0,24.0,1374,Month 2
1234567224,1-2022,Gender.Female,35.0,145.0,50.0,20.0,0.0,24.0,1070,Month 1
1234567224,2-2022,Gender.Female,35.0,145.0,50.0,20.0,0.0,24.0,1070,Month 2
1234567225,1-2022,Gender.Female,65.0,145.0,53.0,18.0,0.0,25.0,950,Month 1
1234567225,2-2022,Gender.Female,65.0,145.0,53.0,18.0,0.0,25.0,950,Month 2
1234567226,1-2022,Gender.Female,52.0,167.0,60.0,23.0,0.0,22.0,1223,Month 1
1234567226,2-2022,Gender.Female,52.0,167.0,58.0,19.0,0.0,21.0,1203,Month 2
1234567227,1-2022,Gender.Male,28.0,160.0,71.0,33.0,0.0,28.0,1575,Month 1
1234567227,2-2022,Gender.Male,28.0,160.0,71.0,33.0,0.0,28.0,1575,Month 2
1234567228,1-2022,Gender.Male,32.0,168.0,72.0,31.0,0.0,26.0,1615,Month 1
1234567228,2-2022,Gender.Male,32.0,168.0,72.0,31.0,0.0,26.0,1615,Month 2
1234567229,1-2022,Gender.Male,20.0,150.0,55.0,30.0,0.0,24.0,1393,Month 1
1234567229,2-2022,Gender.Male,20.0,150.0,55.0,30.0,0.0,24.0,1393,Month 2
1234567230,1-2022,Gender.Female,80.0,142.0,43.0,17.0,0.0,21.0,757,Month 1
1234567230,2-2022,Gender.Female,80.0,142.0,43.0,17.0,0.0,21.0,757,Month 2
1234567231,1-2022,Gender.Male,19.0,150.0,61.0,28.0,0.0,27.0,1458,Month 1
1234567231,2-2022,Gender.Male,19.0,150.0,61.0,28.0,0.0,27.0,1458,Month 2
1234567232,1-2022,Gender.Male,50.0,140.0,65.0,32.0,0.0,33.0,1280,Month 1
1234567232,2-2022,Gender.Male,50.0,140.0,65.0,32.0,0.0,33.0,1280,Month 2
1234567233,1-2022,Gender.Female,42.0,140.0,48.0,21.0,0.0,24.0,984,Month 1
1234567233,2-2022,Gender.Female,42.0,140.0,48.0,21.0,0.0,24.0,984,Month 2
1234567234,1-2022,Gender.Female,20.0,150.0,55.0,29.0,0.0,24.0,1227,Month 1
1234567234,2-2022,Gender.Female,20.0,150.0,55.0,29.0,0.0,24.0,1227,Month 2
1234567235,1-2022,Gender.Female,16.0,148.0,44.0,29.0,0.0,20.0,1124,Month 1
1234567235,2-2022,Gender.Female,16.0,148.0,45.0,30.0,0.0,21.0,1134,Month 2
1234567236,1-2022,Gender.Female,17.0,125.0,39.0,15.0,0.0,25.0,925,Month 1
1234567236,2-2022,Gender.Female,17.0,125.0,39.0,15.0,0.0,25.0,925,Month 2
1234567237,1-2022,Gender.Male,27.0,150.0,52.0,30.0,0.0,23.0,1328,Month 1
1234567237,2-2022,Gender.Male,27.0,150.0,53.0,30.0,0.0,24.0,1338,Month 2
1234567238,1-2022,Gender.Male,90.0,142.0,40.0,16.0,0.0,20.0,843,Month 1
1234567238,2-2022,Gender.Male,90.0,142.0,40.0,16.0,0.0,20.0,843,Month 2
1234567239,1-2022,Gender.Male,34.0,152.0,70.0,29.0,0.0,30.0,1485,Month 1
1234567239,2-2022,Gender.Male,34.0,152.0,70.0,29.0,0.0,30.0,1485,Month 2
1234567240,1-2022,Gender.Female,30.0,150.0,65.0,35.0,0.0,29.0,1277,Month 1
1234567240,2-2022,Gender.Female,30.0,150.0,65.0,35.0,0.0,29.0,1277,Month 2
1234567241,1-2022,Gender.Female,9.0,115.0,26.0,0.0,19.0,20.0,773,Month 1
1234567241,2-2022,Gender.Female,9.0,115.0,26.0,0.0,19.0,20.0,773,Month 2
1234567242,1-2022,Gender.Female,11.0,119.0,36.0,0.0,20.0,25.0,888,Month 1
1234567242,2-2022,Gender.Female,11.0,119.0,36.0,0.0,20.0,25.0,888,Month 2
1234567243,1-2022,Gender.Male,51.0,163.0,75.0,31.0,0.0,28.0,1519,Month 1
1234567243,2-2022,Gender.Male,51.0,163.0,75.0,31.0,0.0,28.0,1519,Month 2
1234567244,1-2022,Gender.Female,46.0,152.0,68.0,32.0,0.0,29.0,1239,Month 1
1234567244,2-2022,Gender.Female,46.0,152.0,68.0,32.0,0.0,29.0,1239,Month 2
1234567245,1-2022,Gender.Male,16.0,145.0,47.0,22.0,0.0,22.0,1301,Month 1
1234567245,2-2022,Gender.Male,16.0,145.0,47.0,22.0,0.0,22.0,1301,Month 2
1234567246,1-2022,Gender.Female,14.0,143.0,45.0,19.0,0.0,22.0,1113,Month 1
1234567246,2-2022,Gender.Female,14.0,143.0,45.0,19.0,0.0,22.0,1113,Month 2
1234567247,1-2022,Gender.Male,55.0,147.0,61.0,33.0,0.0,28.0,1259,Month 1
1234567247,2-2022,Gender.Male,55.0,147.0,60.0,33.0,0.0,28.0,1249,Month 2
1234567248,1-2022,Gender.Female,42.0,143.0,57.0,32.0,0.0,28.0,1093,Month 1
1234567248,2-2022,Gender.Female,42.0,143.0,57.0,32.0,0.0,28.0,1093,Month 2
1234567249,1-2022,Gender.Female,25.0,153.0,54.0,29.0,0.0,23.0,1210,Month 1
1234567249,2-2022,Gender.Female,25.0,153.0,54.0,29.0,0.0,23.0,1210,Month 2
1234567250,1-2022,Gender.Female,22.0,152.0,50.0,30.0,0.0,22.0,1179,Month 1
1234567250,2-2022,Gender.Female,22.0,152.0,50.0,31.0,0.0,22.0,1179,Month 2
1234567251,1-2022,Gender.Male,55.0,156.0,74.0,25.0,0.0,30.0,1445,Month 1
1234567251,2-2022,Gender.Male,55.0,156.0,74.0,25.0,0.0,30.0,1445,Month 2
1234567252,1-2022,Gender.Male,39.0,170.0,84.0,34.0,0.0,29.0,1713,Month 1
1234567252,2-2022,Gender.Male,39.0,170.0,84.0,34.0,0.0,29.0,1713,Month 2
1234567253,1-2022,Gender.Female,29.0,146.0,65.0,31.0,0.0,30.0,1257,Month 1
1234567253,2-2022,Gender.Female,29.0,146.0,65.0,31.0,0.0,30.0,1257,Month 2
1234567254,1-2022,Gender.Male,10.0,105.0,26.0,0.0,18.0,24.0,871,Month 1
1234567254,2-2022,Gender.Male,10.0,105.0,26.0,0.0,18.0,24.0,871,Month 2
1234567255,1-2022,Gender.Male,45.0,157.0,70.0,29.0,0.0,28.0,1461,Month 1
1234567255,2-2022,Gender.Male,45.0,157.0,70.0,29.0,0.0,28.0,1461,Month 2
1234567256,1-2022,Gender.Female,40.0,155.0,55.0,24.0,0.0,23.0,1158,Month 1
1234567256,2-2022,Gender.Female,40.0,155.0,55.0,24.0,0.0,23.0,1158,Month 2
1234567257,1-2022,Gender.Male,15.0,139.0,41.0,28.0,0.0,21.0,1209,Month 1
1234567257,2-2022,Gender.Male,15.0,139.0,41.0,28.0,0.0,21.0,1209,Month 2
1234567258,1-2022,Gender.Female,70.0,171.0,47.0,27.0,0.0,16.0,1028,Month 1
1234567258,2-2022,Gender.Female,70.0,171.0,47.0,27.0,0.0,16.0,1028,Month 2
1234567259,1-2022,Gender.Male,30.0,155.0,77.0,34.0,0.0,32.0,1594,Month 1
1234567259,2-2022,Gender.Male,30.0,155.0,77.0,34.0,0.0,32.0,1594,Month 2
1234567260,1-2022,Gender.Male,24.0,157.0,56.0,27.0,0.0,23.0,1426,Month 1
1234567260,2-2022,Gender.Male,24.0,157.0,56.0,27.0,0.0,23.0,1426,Month 2
1234567261,1-2022,Gender.Female,77.0,174.0,77.0,36.0,0.0,25.0,1312,Month 1
1234567261,2-2022,Gender.Female,77.0,174.0,77.0,36.0,0.0,25.0,1312,Month 2
1234567262,1-2022,Gender.Female,50.0,171.0,65.0,28.0,0.0,22.0,1308,Month 1
1234567262,2-2022,Gender.Female,50.0,171.0,65.0,28.0,0.0,22.0,1308,Month 2
1234567263,1-2022,Gender.Female,15.0,143.0,54.0,23.0,0.0,26.0,1198,Month 1
1234567263,2-2022,Gender.Female,15.0,143.0,54.0,23.0,0.0,26.0,1198,Month 2
1234567264,1-2022,Gender.Female,65.0,174.0,64.0,23.0,0.0,21.0,1242,Month 1
1234567264,2-2022,Gender.Female,65.0,174.0,64.0,23.0,0.0,21.0,1242,Month 2
1234567265,1-2022,Gender.Male,63.0,183.0,53.0,26.0,0.0,16.0,1364,Month 1
1234567265,2-2022,Gender.Male,63.0,183.0,53.0,26.0,0.0,16.0,1364,Month 2
1234567266,1-2022,Gender.Male,29.0,166.0,70.0,33.0,0.0,25.0,1598,Month 1
1234567266,2-2022,Gender.Male,29.0,166.0,70.0,33.0,0.0,25.0,1598,Month 2
1234567267,1-2022,Gender.Female,60.0,171.0,63.0,31.0,0.0,22.0,1238,Month 1
1234567267,2-2022,Gender.Female,60.0,171.0,63.0,31.0,0.0,22.0,1238,Month 2
1234567268,1-2022,Gender.Female,28.0,172.0,47.0,22.0,0.0,16.0,1244,Month 1
1234567268,2-2022,Gender.Female,28.0,172.0,47.0,22.0,0.0,16.0,1244,Month 2
1234567269,1-2022,Gender.Female,29.0,179.0,76.0,39.0,0.0,24.0,1573,Month 1
1234567269,2-2022,Gender.Female,29.0,179.0,76.0,39.0,0.0,24.0,1573,Month 2
1234567270,1-2022,Gender.Male,36.0,176.0,63.0,39.0,0.0,20.0,1555,Month 1
1234567270,2-2022,Gender.Male,36.0,176.0,63.0,39.0,0.0,20.0,1555,Month 2
1234567271,1-2022,Gender.Female,13.0,112.0,36.0,16.0,0.0,29.0,834,Month 1
1234567271,2-2022,Gender.Female,13.0,112.0,36.0,16.0,0.0,29.0,834,Month 2
1234567272,1-2022,Gender.Female,15.0,155.0,31.0,14.0,0.0,13.0,1043,Month 1
1234567272,2-2022,Gender.Female,15.0,155.0,31.0,14.0,0.0,13.0,1043,Month 2
1234567273,1-2022,Gender.Male,45.0,167.0,70.0,31.0,0.0,25.0,1524,Month 1
1234567273,2-2022,Gender.Male,45.0,167.0,70.0,31.0,0.0,25.0,1524,Month 2
1234567274,1-2022,Gender.Female,30.0,156.0,56.0,24.0,0.0,23.0,1224,Month 1
1234567274,2-2022,Gender.Female,30.0,156.0,56.0,24.0,0.0,23.0,1224,Month 2
1234567275,1-2022,Gender.Male,18.0,149.0,47.0,21.0,0.0,21.0,1316,Month 1
1234567275,2-2022,Gender.Male,18.0,149.0,47.0,21.0,0.0,21.0,1316,Month 2
1234567276,1-2022,Gender.Male,15.0,133.0,45.0,19.0,0.0,25.0,1211,Month 1
1234567276,2-2022,Gender.Male,15.0,133.0,45.0,19.0,0.0,25.0,1211,Month 2
1234567277,1-2022,Gender.Male,60.0,171.0,54.0,26.0,0.0,18.0,1314,Month 1
1234567277,2-2022,Gender.Male,60.0,171.0,54.0,26.0,0.0,18.0,1314,Month 2
1234567278,1-2022,Gender.Male,12.0,103.0,39.0,19.0,0.0,37.0,979,Month 1
1234567278,2-2022,Gender.Male,12.0,103.0,39.0,19.0,0.0,37.0,979,Month 2
1234567279,1-2022,Gender.Female,10.0,93.0,33.0,22.0,0.0,38.0,700,Month 1
1234567279,2-2022,Gender.Female,10.0,93.0,33.0,22.0,0.0,38.0,700,Month 2
1234567280,1-2022,Gender.Male,40.0,174.0,83.0,37.0,0.0,27.0,1723,Month 1
1234567280,2-2022,Gender.Male,40.0,174.0,83.0,37.0,0.0,27.0,1723,Month 2
1234567281,1-2022,Gender.Male,60.0,140.0,60.0,32.0,0.0,31.0,1180,Month 1
1234567281,2-2022,Gender.Male,60.0,140.0,60.0,32.0,0.0,31.0,1180,Month 2
1234567282,1-2022,Gender.Female,55.0,170.0,79.0,34.0,0.0,27.0,1417,Month 1
1234567282,2-2022,Gender.Female,55.0,170.0,79.0,34.0,0.0,27.0,1417,Month 2
1234567283,1-2022,Gender.Female,18.0,140.0,42.0,24.0,0.0,21.0,1044,Month 1
1234567283,2-2022,Gender.Female,18.0,140.0,42.0,24.0,0.0,21.0,1044,Month 2
1234567284,1-2022,Gender.Female,60.0,155.0,89.0,38.0,0.0,37.0,1398,Month 1
1234567284,2-2022,Gender.Female,60.0,155.0,89.0,38.0,0.0,37.0,1398,Month 2
1234567285,1-2022,Gender.Male,65.0,155.0,70.0,36.0,0.0,29.0,1349,Month 1
1234567285,2-2022,Gender.Male,65.0,155.0,70.0,36.0,0.0,29.0,1349,Month 2
1234567286,1-2022,Gender.Male,29.0,170.0,80.0,41.0,0.0,28.0,1723,Month 1
1234567286,2-2022,Gender.Male,29.0,170.0,80.0,41.0,0.0,28.0,1723,Month 2
1234567287,1-2022,Gender.Male,45.0,170.0,75.0,33.0,0.0,26.0,1593,Month 1
1234567287,2-2022,Gender.Male,45.0,170.0,75.0,33.0,0.0,26.0,1593,Month 2
1234567288,1-2022,Gender.Female,43.0,163.0,53.0,24.0,0.0,20.0,1173,Month 1
1234567288,2-2022,Gender.Female,43.0,163.0,53.0,24.0,0.0,20.0,1173,Month 2
1234567289,1-2022,Gender.Male,20.0,182.0,72.0,26.0,0.0,22.0,1763,Month 1
1234567289,2-2022,Gender.Male,20.0,182.0,72.0,26.0,0.0,22.0,1763,Month 2
1234567290,1-2022,Gender.Female,18.0,142.0,48.0,21.0,0.0,24.0,1117,Month 1
1234567290,2-2022,Gender.Female,18.0,142.0,48.0,21.0,0.0,24.0,1117,Month 2
1234567291,1-2022,Gender.Male,55.0,167.0,59.0,22.0,0.0,21.0,1364,Month 1
1234567291,2-2022,Gender.Male,55.0,167.0,59.0,22.0,0.0,21.0,1364,Month 2
1234567292,1-2022,Gender.Female,50.0,159.0,78.0,21.0,0.0,31.0,1363,Month 1
1234567292,2-2022,Gender.Female,50.0,159.0,78.0,21.0,0.0,31.0,1363,Month 2
1234567293,1-2022,Gender.Female,29.0,150.0,75.0,40.0,0.0,33.0,1382,Month 1
1234567293,2-2022,Gender.Female,29.0,150.0,75.0,40.0,0.0,33.0,1382,Month 2
1234567294,1-2022,Gender.Male,30.0,175.0,88.0,47.0,0.0,29.0,1829,Month 1
1234567294,2-2022,Gender.Male,30.0,175.0,88.0,47.0,0.0,29.0,1829,Month 2
1234567295,1-2022,Gender.Male,60.0,140.0,60.0,32.0,0.0,31.0,1180,Month 1
1234567295,2-2022,Gender.Male,60.0,140.0,60.0,32.0,0.0,31.0,1180,Month 2
1234567296,1-2022,Gender.Male,55.0,170.0,79.0,31.0,0.0,27.0,1583,Month 1
1234567296,2-2022,Gender.Male,55.0,170.0,79.0,31.0,0.0,27.0,1583,Month 2
1234567297,1-2022,Gender.Male,18.0,140.0,42.0,24.0,0.0,21.0,1210,Month 1
1234567297,2-2022,Gender.Male,18.0,140.0,42.0,24.0,0.0,21.0,1210,Month 2
1234567298,1-2022,Gender.Female,16.0,135.0,34.0,21.0,0.0,19.0,943,Month 1
1234567298,2-2022,Gender.Female,16.0,135.0,34.0,21.0,0.0,19.0,943,Month 2
1234567299,1-2022,Gender.Female,44.0,153.0,64.0,22.0,0.0,27.0,1215,Month 1
1234567299,2-2022,Gender.Female,44.0,153.0,64.0,22.0,0.0,27.0,1215,Month 2
1234567300,1-2022,Gender.Female,38.0,150.0,65.0,21.0,0.0,29.0,1237,Month 1
1234567300,2-2022,Gender.Female,38.0,150.0,65.0,21.0,0.0,29.0,1237,Month 2
1234567301,1-2022,Gender.Female,73.0,150.0,43.0,19.0,0.0,19.0,842,Month 1
1234567301,2-2022,Gender.Female,73.0,150.0,43.0,19.0,0.0,19.0,842,Month 2
1234567302,1-2022,Gender.Female,64.0,160.0,52.0,23.0,0.0,20.0,1039,Month 1
1234567302,2-2022,Gender.Female,64.0,160.0,52.0,23.0,0.0,20.0,1039,Month 2
1234567303,1-2022,Gender.Female,53.0,157.0,68.0,21.0,0.0,28.0,1235,Month 1
1234567303,2-2022,Gender.Female,53.0,157.0,68.0,21.0,0.0,28.0,1235,Month 2
1234567304,1-2022,Gender.Female,55.0,150.0,60.0,19.0,0.0,27.0,1102,Month 1
1234567304,2-2022,Gender.Female,55.0,150.0,60.0,19.0,0.0,27.0,1102,Month 2
1234567305,1-2022,Gender.Female,18.0,143.0,43.0,19.0,0.0,21.0,1073,Month 1
1234567305,2-2022,Gender.Female,18.0,143.0,43.0,19.0,0.0,21.0,1073,Month 2
1234567306,1-2022,Gender.Male,31.0,141.0,56.0,20.0,0.0,28.0,1291,Month 1
1234567306,2-2022,Gender.Male,31.0,141.0,56.0,20.0,0.0,28.0,1291,Month 2
1234567307,1-2022,Gender.Female,28.0,159.0,59.0,21.0,0.0,23.0,1283,Month 1
1234567307,2-2022,Gender.Female,28.0,159.0,59.0,21.0,0.0,23.0,1283,Month 2
1234567308,1-2022,Gender.Male,63.0,167.0,68.0,20.0,0.0,24.0,1414,Month 1
1234567308,2-2022,Gender.Male,63.0,167.0,68.0,20.0,0.0,24.0,1414,Month 2
1234567309,1-2022,Gender.Male,40.0,160.0,71.0,26.0,0.0,28.0,1515,Month 1
1234567309,2-2022,Gender.Male,40.0,160.0,71.0,26.0,0.0,28.0,1515,Month 2
1234567310,1-2022,Gender.Female,32.0,151.0,64.0,23.0,0.0,28.0,1263,Month 1
1234567310,2-2022,Gender.Female,32.0,151.0,64.0,23.0,0.0,28.0,1263,Month 2
1234567311,1-2022,Gender.Female,15.0,145.0,48.0,21.0,0.0,23.0,1150,Month 1
1234567311,2-2022,Gender.Female,15.0,145.0,48.0,21.0,0.0,23.0,1150,Month 2
1234567312,1-2022,Gender.Male,37.0,158.0,65.0,29.0,0.0,26.0,1458,Month 1
1234567312,2-2022,Gender.Male,37.0,158.0,65.0,29.0,0.0,26.0,1458,Month 2
1234567313,1-2022,Gender.Male,40.0,162.0,70.0,23.0,0.0,27.0,1518,Month 1
1234567313,2-2022,Gender.Male,40.0,162.0,70.0,23.0,0.0,27.0,1518,Month 2
1234567314,1-2022,Gender.Male,22.0,158.0,57.0,21.0,0.0,23.0,1453,Month 1
1234567314,2-2022,Gender.Male,22.0,158.0,57.0,21.0,0.0,23.0,1453,Month 2
1234567315,1-2022,Gender.Male,20.0,155.0,50.0,19.0,0.0,21.0,1374,Month 1
1234567315,2-2022,Gender.Male,20.0,155.0,50.0,19.0,0.0,21.0,1374,Month 2
1234567316,1-2022,Gender.Male,18.0,155.0,49.0,23.0,0.0,20.0,1374,Month 1
1234567316,2-2022,Gender.Male,18.0,155.0,49.0,23.0,0.0,20.0,1374,Month 2
1234567317,1-2022,Gender.Female,20.0,158.0,49.0,19.0,0.0,20.0,1217,Month 1
1234567317,2-2022,Gender.Female,20.0,158.0,49.0,19.0,0.0,20.0,1217,Month 2
1234567318,1-2022,Gender.Male,35.0,148.0,65.0,24.0,0.0,30.0,1405,Month 1
1234567318,2-2022,Gender.Male,35.0,148.0,65.0,24.0,0.0,30.0,1405,Month 2
1234567319,1-2022,Gender.Female,70.0,158.0,47.0,21.0,0.0,19.0,947,Month 1
1234567319,2-2022,Gender.Female,70.0,158.0,47.0,21.0,0.0,19.0,947,Month 2
1234567320,1-2022,Gender.Female,50.0,152.0,65.0,19.0,0.0,28.0,1189,Month 1
1234567320,2-2022,Gender.Female,50.0,152.0,65.0,19.0,0.0,28.0,1189,Month 2
1234567321,1-2022,Gender.Female,17.0,151.0,49.0,20.0,0.0,21.0,1188,Month 1
1234567321,2-2022,Gender.Female,17.0,151.0,49.0,20.0,0.0,21.0,1188,Month 2
1234567322,1-2022,Gender.Male,14.0,135.0,41.0,18.0,0.0,22.0,1189,Month 1
1234567322,2-2022,Gender.Male,14.0,135.0,41.0,18.0,0.0,22.0,1189,Month 2
1234567323,1-2022,Gender.Male,48.0,157.0,68.0,24.0,0.0,28.0,1426,Month 1
1234567323,2-2022,Gender.Male,48.0,157.0,68.0,24.0,0.0,28.0,1426,Month 2
1234567324,1-2022,Gender.Male,30.0,178.0,70.0,31.0,0.0,22.0,1668,Month 1
1234567324,2-2022,Gender.Male,30.0,178.0,70.0,31.0,0.0,22.0,1668,Month 2
1234567325,1-2022,Gender.Male,31.0,154.0,68.0,24.0,0.0,29.0,1493,Month 1
1234567325,2-2022,Gender.Male,31.0,154.0,68.0,24.0,0.0,29.0,1493,Month 2
1234567326,1-2022,Gender.Male,53.0,154.0,65.0,29.0,0.0,27.0,1353,Month 1
1234567326,2-2022,Gender.Male,53.0,154.0,65.0,29.0,0.0,27.0,1353,Month 2
1234567327,1-2022,Gender.Male,49.0,158.0,77.0,26.0,0.0,31.0,1518,Month 1
1234567327,2-2022,Gender.Male,49.0,158.0,77.0,26.0,0.0,31.0,1518,Month 2
1234567328,1-2022,Gender.Female,46.0,154.0,60.0,28.0,0.0,25.0,1172,Month 1
1234567328,2-2022,Gender.Female,46.0,154.0,60.0,28.0,0.0,25.0,1172,Month 2
1234567329,1-2022,Gender.Female,22.0,150.0,56.0,21.0,0.0,25.0,1227,Month 1
1234567329,2-2022,Gender.Female,22.0,150.0,56.0,21.0,0.0,25.0,1227,Month 2
1234567330,1-2022,Gender.Male,60.0,159.0,60.0,27.0,0.0,24.0,1299,Month 1
1234567330,2-2022,Gender.Male,30.0,159.0,60.0,27.0,0.0,24.0,1449,Month 2
1234567331,1-2022,Gender.Female,48.0,151.0,60.0,24.0,0.0,26.0,1143,Month 1
1234567331,2-2022,Gender.Female,48.0,151.0,60.0,24.0,0.0,26.0,1143,Month 2
1234567332,1-2022,Gender.Male,47.0,160.0,65.0,21.0,0.0,25.0,1420,Month 1
1234567332,2-2022,Gender.Male,47.0,160.0,65.0,21.0,0.0,25.0,1420,Month 2
1234567333,1-2022,Gender.Male,17.0,140.0,36.0,20.0,0.0,18.0,1155,Month 1
1234567333,2-2022,Gender.Male,17.0,140.0,36.0,20.0,0.0,18.0,1155,Month 2
1234567334,1-2022,Gender.Female,52.0,158.0,52.0,23.0,0.0,21.0,1087,Month 1
1234567334,2-2022,Gender.Female,52.0,158.0,52.0,23.0,0.0,21.0,1087,Month 2
1234567335,1-2022,Gender.Male,45.0,156.0,68.0,24.0,0.0,28.0,1435,Month 1
1234567335,2-2022,Gender.Male,45.0,156.0,68.0,24.0,0.0,28.0,1435,Month 2
1234567336,1-2022,Gender.Female,38.0,150.0,60.0,25.0,0.0,27.0,1187,Month 1
1234567336,2-2022,Gender.Female,38.0,150.0,60.0,25.0,0.0,27.0,1187,Month 2
1234567337,1-2022,Gender.Male,21.0,160.0,64.0,23.0,0.0,25.0,1540,Month 1
1234567337,2-2022,Gender.Male,21.0,160.0,64.0,23.0,0.0,25.0,1540,Month 2
1234567338,1-2022,Gender.Female,17.0,145.0,47.0,21.0,0.0,22.0,1130,Month 1
1234567338,2-2022,Gender.Female,17.0,145.0,47.0,21.0,0.0,22.0,1130,Month 2
1234567339,1-2022,Gender.Female,48.0,141.0,59.0,23.0,0.0,30.0,1070,Month 1
1234567339,2-2022,Gender.Female,48.0,141.0,59.0,23.0,0.0,30.0,1070,Month 2
1234567340,1-2022,Gender.Male,19.0,180.0,80.0,24.0,0.0,25.0,1835,Month 1
1234567340,2-2022,Gender.Male,19.0,180.0,80.0,24.0,0.0,25.0,1835,Month 2
1234567341,1-2022,Gender.Female,56.0,171.0,60.0,23.0,0.0,21.0,1228,Month 1
1234567341,2-2022,Gender.Female,56.0,171.0,60.0,23.0,0.0,21.0,1228,Month 2
1234567342,1-2022,Gender.Male,15.0,146.0,52.0,24.0,0.0,24.0,1363,Month 1
1234567342,2-2022,Gender.Male,15.0,146.0,52.0,24.0,0.0,24.0,1363,Month 2
1234567343,1-2022,Gender.Female,14.0,148.0,49.0,21.0,0.0,22.0,1184,Month 1
1234567343,2-2022,Gender.Female,14.0,148.0,49.0,21.0,0.0,22.0,1184,Month 2
1234567344,1-2022,Gender.Female,37.0,173.0,60.0,27.0,0.0,20.0,1335,Month 1
1234567344,2-2022,Gender.Female,37.0,173.0,60.0,27.0,0.0,20.0,1335,Month 2
1234567345,1-2022,Gender.Male,34.0,168.0,68.0,29.0,0.0,24.0,1565,Month 1
1234567345,2-2022,Gender.Male,34.0,168.0,68.0,29.0,0.0,24.0,1565,Month 2
1234567346,1-2022,Gender.Female,26.0,135.0,41.0,25.0,0.0,22.0,963,Month 1
1234567346,2-2022,Gender.Female,26.0,135.0,41.0,25.0,0.0,22.0,963,Month 2
1234567347,1-2022,Gender.Male,8.0,128.0,20.0,0.0,0.0,12.0,965,Month 1
1234567347,2-2022,Gender.Male,8.0,128.0,20.0,0.0,0.0,12.0,965,Month 2
1234567348,1-2022,Gender.Male,53.0,156.0,60.0,27.0,0.0,25.0,1315,Month 1
1234567348,2-2022,Gender.Male,53.0,156.0,60.0,27.0,0.0,25.0,1315,Month 2
1234567349,1-2022,Gender.Male,49.0,154.0,70.0,23.0,0.0,30.0,1423,Month 1
1234567349,2-2022,Gender.Male,49.0,154.0,70.0,23.0,0.0,30.0,1423,Month 2
1234567350,1-2022,Gender.Female,18.0,145.0,47.0,23.0,0.0,22.0,1125,Month 1
1234567350,2-2022,Gender.Female,18.0,145.0,47.0,23.0,0.0,22.0,1125,Month 2
1234567351,1-2022,Gender.Female,43.0,158.0,71.0,28.0,0.0,28.0,1322,Month 1
1234567351,2-2022,Gender.Female,43.0,158.0,71.0,28.0,0.0,28.0,1322,Month 2
1234567352,1-2022,Gender.Male,69.0,170.0,69.0,24.0,0.0,24.0,1413,Month 1
1234567352,2-2022,Gender.Male,69.0,170.0,69.0,24.0,0.0,24.0,1413,Month 2
1234567353,1-2022,Gender.Female,45.0,165.0,60.0,26.0,0.0,22.0,1245,Month 1
1234567353,2-2022,Gender.Female,45.0,165.0,60.0,26.0,0.0,22.0,1245,Month 2
1234567773,1-2022,Gender.Female,46.0,154.0,58.0,24.0,0.0,24.0,1152,Month 1
1234567773,2-2022,Gender.Female,46.0,154.0,58.0,24.0,0.0,24.0,1152,Month 2
1234567774,1-2022,Gender.Male,32.0,178.0,60.0,28.0,0.0,19.0,1558,Month 1
1234567774,2-2022,Gender.Male,32.0,178.0,60.0,28.0,0.0,19.0,1558,Month 2
1234567775,1-2022,Gender.Female,30.0,138.0,61.0,27.0,0.0,32.0,1162,Month 1
1234567775,2-2022,Gender.Female,30.0,138.0,61.0,27.0,0.0,32.0,1162,Month 2
1234567776,1-2022,Gender.Female,25.0,157.0,42.0,26.0,0.0,17.0,1115,Month 1
1234567776,2-2022,Gender.Female,25.0,157.0,42.0,26.0,0.0,17.0,1115,Month 2
1234567777,1-2022,Gender.Male,40.0,154.0,72.0,29.0,0.0,30.0,1488,Month 1
1234567777,2-2022,Gender.Male,40.0,154.0,72.0,29.0,0.0,30.0,1488,Month 2
1234567778,1-2022,Gender.Female,73.0,149.0,54.0,26.0,0.0,24.0,945,Month 1
1234567778,2-2022,Gender.Female,73.0,149.0,54.0,26.0,0.0,24.0,945,Month 2
1234567779,1-2022,Gender.Male,83.0,142.0,43.0,19.0,0.0,21.0,908,Month 1
1234567779,2-2022,Gender.Male,83.0,142.0,43.0,19.0,0.0,21.0,908,Month 2
1234567811,1-2022,Gender.Female,61.0,142.0,48.0,23.0,0.0,24.0,902,Month 1
1234567811,2-2022,Gender.Female,61.0,142.0,48.0,23.0,0.0,24.0,902,Month 2
1234567818,1-2022,Gender.Female,78.0,140.0,40.0,19.0,0.0,20.0,724,Month 1
1234567818,2-2022,Gender.Female,78.0,140.0,40.0,19.0,0.0,20.0,724,Month 2
1234567822,1-2022,Gender.Male,41.0,171.0,71.0,29.0,0.0,24.0,1579,Month 1
1234567822,2-2022,Gender.Male,41.0,171.0,71.0,29.0,0.0,24.0,1579,Month 2
1234567823,1-2022,Gender.Female,38.0,143.0,55.0,21.0,0.0,27.0,1093,Month 1
1234567823,2-2022,Gender.Female,38.0,143.0,55.0,21.0,0.0,27.0,1093,Month 2
1234567824,1-2022,Gender.Female,9.0,102.0,23.0,0.0,16.0,22.0,662,Month 1
1234567824,2-2022,Gender.Female,9.0,102.0,23.0,0.0,16.0,22.0,662,Month 2
1234567825,1-2022,Gender.Male,29.0,177.0,81.0,32.0,0.0,26.0,1776,Month 1
1234567825,2-2022,Gender.Male,29.0,177.0,81.0,32.0,0.0,26.0,1776,Month 2
1234567826,1-2022,Gender.Female,28.0,169.0,60.0,29.0,0.0,21.0,1355,Month 1
1234567826,2-2022,Gender.Female,28.0,169.0,60.0,29.0,0.0,21.0,1355,Month 2
1234567827,1-2022,Gender.Female,7.0,104.0,25.0,0.0,18.0,23.0,704,Month 1
1234567827,2-2022,Gender.Female,7.0,104.0,25.0,0.0,18.0,23.0,704,Month 2
1234567828,1-2022,Gender.Male,40.0,150.0,59.0,27.0,0.0,26.0,1333,Month 1
1234567828,2-2022,Gender.Male,40.0,150.0,59.0,27.0,0.0,26.0,1333,Month 2
1234567829,1-2022,Gender.Female,36.0,149.0,60.0,21.0,0.0,27.0,1190,Month 1
1234567829,2-2022,Gender.Female,36.0,149.0,60.0,21.0,0.0,27.0,1190,Month 2
1234567830,1-2022,Gender.Female,10.0,109.0,33.0,12.0,0.0,28.0,800,Month 1
1234567830,2-2022,Gender.Female,10.0,109.0,33.0,12.0,0.0,28.0,800,Month 2
1234567831,1-2022,Gender.Male,44.0,160.0,74.0,28.0,0.0,29.0,1525,Month 1
1234567831,2-2022,Gender.Male,44.0,160.0,74.0,28.0,0.0,29.0,1525,Month 2
1234567832,1-2022,Gender.Female,18.0,149.0,43.0,22.0,0.0,19.0,1110,Month 1
1234567832,2-2022,Gender.Female,18.0,149.0,43.0,22.0,0.0,19.0,1110,Month 2
1234567833,1-2022,Gender.Male,17.0,150.0,45.0,29.0,0.0,20.0,1308,Month 1
1234567833,2-2022,Gender.Male,17.0,150.0,45.0,29.0,0.0,20.0,1308,Month 2
999999999999,1-2022,Gender.Male,35.0,150.0,30.0,12.5,8.5,13.3,1068,Month 1
999999999999,2-2022,Gender.Male,20.0,150.0,92.0,30.0,11.0,40.9,1763,Month 2
